scenario,candidates,eligible,winners,total_weight,method,phase,status,reason,samples,p50_ns,p95_ns,ops_per_second,mean_allocated_bytes
N1000_K1_UNIFORM_1,1000,950,1,950,TICKET_ARRAY,NORMALIZE,OK,,20,1161800,1817700,763.271,69817.2
N1000_K1_UNIFORM_1,1000,950,1,950,TICKET_ARRAY,BUILD,OK,,20,224101,302100,4246.190,3840.0
N1000_K1_UNIFORM_1,1000,950,1,950,TICKET_ARRAY,SELECT,OK,,20,382901,465700,2556.695,2008.0
N1000_K1_UNIFORM_1,1000,950,1,950,TICKET_ARRAY,TOTAL,OK,,20,1073700,1491200,902.425,75695.2
N1000_K1_UNIFORM_1,1000,950,1,950,PREFIX_LINEAR,NORMALIZE,OK,,20,707999,1285400,523.234,69795.2
N1000_K1_UNIFORM_1,1000,950,1,950,PREFIX_LINEAR,BUILD,OK,,20,194500,279700,4769.857,15264.0
N1000_K1_UNIFORM_1,1000,950,1,950,PREFIX_LINEAR,SELECT,OK,,20,179500,316800,5079.753,2008.0
N1000_K1_UNIFORM_1,1000,950,1,950,PREFIX_LINEAR,TOTAL,OK,,20,740801,943799,1327.210,87104.8
N1000_K1_UNIFORM_1,1000,950,1,950,PREFIX_BINARY,NORMALIZE,OK,,20,535900,722400,1816.794,69756.8
N1000_K1_UNIFORM_1,1000,950,1,950,PREFIX_BINARY,BUILD,OK,,20,21000,30100,43308.229,15264.0
N1000_K1_UNIFORM_1,1000,950,1,950,PREFIX_BINARY,SELECT,OK,,20,169399,320100,4311.275,3261.2
N1000_K1_UNIFORM_1,1000,950,1,950,PREFIX_BINARY,TOTAL,OK,,20,437700,592801,2150.422,87008.0
N1000_K1_UNIFORM_1,1000,950,1,950,FENWICK,NORMALIZE,OK,,20,241401,265799,4067.189,69736.0
N1000_K1_UNIFORM_1,1000,950,1,950,FENWICK,BUILD,OK,,20,282000,320600,3469.630,15336.0
N1000_K1_UNIFORM_1,1000,950,1,950,FENWICK,SELECT,OK,,20,77799,138101,10969.122,2008.0
N1000_K1_UNIFORM_1,1000,950,1,950,FENWICK,TOTAL,OK,,20,619100,788401,1649.729,87080.0
N1000_K9_UNIFORM_1,1000,950,9,950,TICKET_ARRAY,NORMALIZE,OK,,20,265000,352500,3525.843,69736.0
N1000_K9_UNIFORM_1,1000,950,9,950,TICKET_ARRAY,BUILD,OK,,20,26900,235701,18243.165,3840.0
N1000_K9_UNIFORM_1,1000,950,9,950,TICKET_ARRAY,SELECT,OK,,20,219300,282500,4740.008,3792.0
N1000_K9_UNIFORM_1,1000,950,9,950,TICKET_ARRAY,TOTAL,OK,,20,370099,583900,2402.345,77368.0
N1000_K9_UNIFORM_1,1000,950,9,950,PREFIX_LINEAR,NORMALIZE,OK,,20,220600,240799,4471.172,69736.0
N1000_K9_UNIFORM_1,1000,950,9,950,PREFIX_LINEAR,BUILD,OK,,20,2999,3200,337268.128,15264.0
N1000_K9_UNIFORM_1,1000,950,9,950,PREFIX_LINEAR,SELECT,OK,,20,110101,154600,8936.131,3792.0
N1000_K9_UNIFORM_1,1000,950,9,950,PREFIX_LINEAR,TOTAL,OK,,20,355600,503700,2703.287,88792.0
N1000_K9_UNIFORM_1,1000,950,9,950,PREFIX_BINARY,NORMALIZE,OK,,20,290901,498601,3057.730,69736.0
N1000_K9_UNIFORM_1,1000,950,9,950,PREFIX_BINARY,BUILD,OK,,20,3000,3699,324659.513,15264.0
N1000_K9_UNIFORM_1,1000,950,9,950,PREFIX_BINARY,SELECT,OK,,20,51201,101299,17247.327,3792.0
N1000_K9_UNIFORM_1,1000,950,9,950,PREFIX_BINARY,TOTAL,OK,,20,316800,455000,3006.615,88792.0
N1000_K9_UNIFORM_1,1000,950,9,950,FENWICK,NORMALIZE,OK,,20,220700,271099,4375.121,69736.0
N1000_K9_UNIFORM_1,1000,950,9,950,FENWICK,BUILD,OK,,20,28000,32700,33938.629,15336.0
N1000_K9_UNIFORM_1,1000,950,9,950,FENWICK,SELECT,OK,,20,103299,182899,8922.206,3792.0
N1000_K9_UNIFORM_1,1000,950,9,950,FENWICK,TOTAL,OK,,20,394599,743799,2189.023,88864.0
N1000_K95_UNIFORM_1,1000,950,95,950,TICKET_ARRAY,NORMALIZE,OK,,20,299700,370199,3212.801,69736.0
N1000_K95_UNIFORM_1,1000,950,95,950,TICKET_ARRAY,BUILD,OK,,20,5201,8300,119191.642,3840.0
N1000_K95_UNIFORM_1,1000,950,95,950,TICKET_ARRAY,SELECT,OK,,20,225999,265999,3838.554,24582.8
N1000_K95_UNIFORM_1,1000,950,95,950,TICKET_ARRAY,TOTAL,OK,,20,481200,802200,1765.412,98150.0
N1000_K95_UNIFORM_1,1000,950,95,950,PREFIX_LINEAR,NORMALIZE,OK,,20,245300,315299,3921.494,69736.0
N1000_K95_UNIFORM_1,1000,950,95,950,PREFIX_LINEAR,BUILD,OK,,20,3900,27200,106382.979,15264.0
N1000_K95_UNIFORM_1,1000,950,95,950,PREFIX_LINEAR,SELECT,OK,,20,147099,236300,6031.903,24553.2
N1000_K95_UNIFORM_1,1000,950,95,950,PREFIX_LINEAR,TOTAL,OK,,20,348100,526200,2295.288,104216.0
N1000_K95_UNIFORM_1,1000,950,95,950,PREFIX_BINARY,NORMALIZE,OK,,20,232999,342400,3890.595,69736.0
N1000_K95_UNIFORM_1,1000,950,95,950,PREFIX_BINARY,BUILD,OK,,20,2700,29201,158978.721,15264.0
N1000_K95_UNIFORM_1,1000,950,95,950,PREFIX_BINARY,SELECT,OK,,20,107901,173700,8862.879,19025.6
N1000_K95_UNIFORM_1,1000,950,95,950,PREFIX_BINARY,TOTAL,OK,,20,314699,406100,2983.383,103944.0
N1000_K95_UNIFORM_1,1000,950,95,950,FENWICK,NORMALIZE,OK,,20,224900,494400,3772.305,69736.0
N1000_K95_UNIFORM_1,1000,950,95,950,FENWICK,BUILD,OK,,20,8499,8999,101991.382,15336.0
N1000_K95_UNIFORM_1,1000,950,95,950,FENWICK,SELECT,OK,,20,69100,130200,12933.264,18944.0
N1000_K95_UNIFORM_1,1000,950,95,950,FENWICK,TOTAL,OK,,20,362100,533500,2486.944,104016.0
N1000_K1_UNIFORM_100,1000,950,1,95000,TICKET_ARRAY,NORMALIZE,OK,,20,219000,263299,4381.734,69736.0
N1000_K1_UNIFORM_100,1000,950,1,95000,TICKET_ARRAY,BUILD,OK,,20,95899,257901,8294.291,380040.0
N1000_K1_UNIFORM_100,1000,950,1,95000,TICKET_ARRAY,SELECT,OK,,20,68500,73599,14212.651,1680.0
N1000_K1_UNIFORM_100,1000,950,1,95000,TICKET_ARRAY,TOTAL,OK,,20,542700,664000,1724.912,451456.0
N1000_K1_UNIFORM_100,1000,950,1,95000,PREFIX_LINEAR,NORMALIZE,OK,,20,228700,298500,4144.045,69736.0
N1000_K1_UNIFORM_100,1000,950,1,95000,PREFIX_LINEAR,BUILD,OK,,20,2999,18100,153261.403,15264.0
N1000_K1_UNIFORM_100,1000,950,1,95000,PREFIX_LINEAR,SELECT,OK,,20,13200,19800,65445.240,1680.0
N1000_K1_UNIFORM_100,1000,950,1,95000,PREFIX_LINEAR,TOTAL,OK,,20,274300,414900,3437.015,86680.0
N1000_K1_UNIFORM_100,1000,950,1,95000,PREFIX_BINARY,NORMALIZE,OK,,20,239099,262001,4027.064,69736.0
N1000_K1_UNIFORM_100,1000,950,1,95000,PREFIX_BINARY,BUILD,OK,,20,3101,22000,127141.540,15264.0
N1000_K1_UNIFORM_100,1000,950,1,95000,PREFIX_BINARY,SELECT,OK,,20,13301,30000,57504.478,1680.0
N1000_K1_UNIFORM_100,1000,950,1,95000,PREFIX_BINARY,TOTAL,OK,,20,290000,496299,2835.674,86680.0
N1000_K1_UNIFORM_100,1000,950,1,95000,FENWICK,NORMALIZE,OK,,20,244700,490900,3301.691,69736.0
N1000_K1_UNIFORM_100,1000,950,1,95000,FENWICK,BUILD,OK,,20,9099,34600,58702.499,15336.0
N1000_K1_UNIFORM_100,1000,950,1,95000,FENWICK,SELECT,OK,,20,13899,50400,45207.650,1680.0
N1000_K1_UNIFORM_100,1000,950,1,95000,FENWICK,TOTAL,OK,,20,282000,361601,3390.463,86752.0
N1000_K9_UNIFORM_100,1000,950,9,95000,TICKET_ARRAY,NORMALIZE,OK,,20,239301,396301,3646.041,69736.0
N1000_K9_UNIFORM_100,1000,950,9,95000,TICKET_ARRAY,BUILD,OK,,20,276700,486700,3278.686,380040.0
N1000_K9_UNIFORM_100,1000,950,9,95000,TICKET_ARRAY,SELECT,OK,,20,557900,648499,1731.153,2898.4
N1000_K9_UNIFORM_100,1000,950,9,95000,TICKET_ARRAY,TOTAL,OK,,20,1005600,1216601,952.889,452592.0
N1000_K9_UNIFORM_100,1000,950,9,95000,PREFIX_LINEAR,NORMALIZE,OK,,20,234900,258399,4174.236,69704.0
N1000_K9_UNIFORM_100,1000,950,9,95000,PREFIX_LINEAR,BUILD,OK,,20,3300,33900,93633.836,15264.0
N1000_K9_UNIFORM_100,1000,950,9,95000,PREFIX_LINEAR,SELECT,OK,,20,16000,89399,30020.925,2856.4
N1000_K9_UNIFORM_100,1000,950,9,95000,PREFIX_LINEAR,TOTAL,OK,,20,260400,339700,3650.698,87816.0
N1000_K9_UNIFORM_100,1000,950,9,95000,PREFIX_BINARY,NORMALIZE,OK,,20,237800,257300,4158.176,69704.0
N1000_K9_UNIFORM_100,1000,950,9,95000,PREFIX_BINARY,BUILD,OK,,20,3001,22399,129202.305,15264.0
N1000_K9_UNIFORM_100,1000,950,9,95000,PREFIX_BINARY,SELECT,OK,,20,21700,64500,34065.747,2848.0
N1000_K9_UNIFORM_100,1000,950,9,95000,PREFIX_BINARY,TOTAL,OK,,20,290800,383200,3336.169,87816.0
N1000_K9_UNIFORM_100,1000,950,9,95000,FENWICK,NORMALIZE,OK,,20,236700,313600,3875.820,69704.0
N1000_K9_UNIFORM_100,1000,950,9,95000,FENWICK,BUILD,OK,,20,8600,23800,75132.891,15336.0
N1000_K9_UNIFORM_100,1000,950,9,95000,FENWICK,SELECT,OK,,20,13900,42200,52465.760,2848.0
N1000_K9_UNIFORM_100,1000,950,9,95000,FENWICK,TOTAL,OK,,20,263001,308699,3662.131,87888.0
N1000_K95_UNIFORM_100,1000,950,95,95000,TICKET_ARRAY,NORMALIZE,OK,,20,251200,293500,3811.265,69704.0
N1000_K95_UNIFORM_100,1000,950,95,95000,TICKET_ARRAY,BUILD,OK,,20,241400,565599,3232.636,380040.0
N1000_K95_UNIFORM_100,1000,950,95,95000,TICKET_ARRAY,SELECT,OK,,20,5154300,5648399,189.960,17593.6
N1000_K95_UNIFORM_100,1000,950,95,95000,TICKET_ARRAY,TOTAL,OK,,20,5790601,6132701,171.555,467394.4
N1000_K95_UNIFORM_100,1000,950,95,95000,PREFIX_LINEAR,NORMALIZE,OK,,20,240299,292000,3772.093,69704.0
N1000_K95_UNIFORM_100,1000,950,95,95000,PREFIX_LINEAR,BUILD,OK,,20,3000,18599,137931.986,15264.0
N1000_K95_UNIFORM_100,1000,950,95,95000,PREFIX_LINEAR,SELECT,OK,,20,56900,87699,15291.689,17568.0
N1000_K95_UNIFORM_100,1000,950,95,95000,PREFIX_LINEAR,TOTAL,OK,,20,301001,332100,3285.365,102536.0
N1000_K95_UNIFORM_100,1000,950,95,95000,PREFIX_BINARY,NORMALIZE,OK,,20,228900,277200,4047.846,69704.0
N1000_K95_UNIFORM_100,1000,950,95,95000,PREFIX_BINARY,BUILD,OK,,20,3000,31700,104658.891,15264.0
N1000_K95_UNIFORM_100,1000,950,95,95000,PREFIX_BINARY,SELECT,OK,,20,52300,140301,14378.135,17568.0
N1000_K95_UNIFORM_100,1000,950,95,95000,PREFIX_BINARY,TOTAL,OK,,20,307599,328100,3275.413,102536.0
N1000_K95_UNIFORM_100,1000,950,95,95000,FENWICK,NORMALIZE,OK,,20,232899,303299,4032.100,69704.0
N1000_K95_UNIFORM_100,1000,950,95,95000,FENWICK,BUILD,OK,,20,8601,23600,73853.880,15336.0
N1000_K95_UNIFORM_100,1000,950,95,95000,FENWICK,SELECT,OK,,20,39200,59399,23129.436,17568.0
N1000_K95_UNIFORM_100,1000,950,95,95000,FENWICK,TOTAL,OK,,20,291699,329800,3398.703,102608.0
N1000_K1_SKEWED_1000,1000,950,1,100850,TICKET_ARRAY,NORMALIZE,OK,,20,236099,277001,4105.594,69704.0
N1000_K1_SKEWED_1000,1000,950,1,100850,TICKET_ARRAY,BUILD,OK,,20,227399,331400,4182.435,403440.0
N1000_K1_SKEWED_1000,1000,950,1,100850,TICKET_ARRAY,SELECT,OK,,20,72500,116601,12403.839,1592.0
N1000_K1_SKEWED_1000,1000,950,1,100850,TICKET_ARRAY,TOTAL,OK,,20,562201,626200,1775.899,474736.0
N1000_K1_SKEWED_1000,1000,950,1,100850,PREFIX_LINEAR,NORMALIZE,OK,,20,234299,276700,4137.961,69704.0
N1000_K1_SKEWED_1000,1000,950,1,100850,PREFIX_LINEAR,BUILD,OK,,20,3100,18400,138791.542,15264.0
N1000_K1_SKEWED_1000,1000,950,1,100850,PREFIX_LINEAR,SELECT,OK,,20,16199,39500,57224.607,1592.0
N1000_K1_SKEWED_1000,1000,950,1,100850,PREFIX_LINEAR,TOTAL,OK,,20,251001,273800,3954.055,86560.0
N1000_K1_SKEWED_1000,1000,950,1,100850,PREFIX_BINARY,NORMALIZE,OK,,20,379101,463000,2909.472,69715.2
N1000_K1_SKEWED_1000,1000,950,1,100850,PREFIX_BINARY,BUILD,OK,,20,3201,32000,117577.895,15264.0
N1000_K1_SKEWED_1000,1000,950,1,100850,PREFIX_BINARY,SELECT,OK,,20,9900,29101,76954.155,1592.0
N1000_K1_SKEWED_1000,1000,950,1,100850,PREFIX_BINARY,TOTAL,OK,,20,254600,299100,3791.111,86604.8
N1000_K1_SKEWED_1000,1000,950,1,100850,FENWICK,NORMALIZE,OK,,20,259001,311200,3743.071,69704.0
N1000_K1_SKEWED_1000,1000,950,1,100850,FENWICK,BUILD,OK,,20,8201,23300,86504.442,15336.0
N1000_K1_SKEWED_1000,1000,950,1,100850,FENWICK,SELECT,OK,,20,8701,22200,85690.537,1592.0
N1000_K1_SKEWED_1000,1000,950,1,100850,FENWICK,TOTAL,OK,,20,265601,307400,3621.283,86632.0
N1000_K9_SKEWED_1000,1000,950,9,100850,TICKET_ARRAY,NORMALIZE,OK,,20,250699,389800,3580.571,69704.0
N1000_K9_SKEWED_1000,1000,950,9,100850,TICKET_ARRAY,BUILD,OK,,20,244400,329301,3922.948,403440.0
N1000_K9_SKEWED_1000,1000,950,9,100850,TICKET_ARRAY,SELECT,OK,,20,542300,590200,1769.081,2816.0
N1000_K9_SKEWED_1000,1000,950,9,100850,TICKET_ARRAY,TOTAL,OK,,20,879000,1050500,1013.659,475960.0
N1000_K9_SKEWED_1000,1000,950,9,100850,PREFIX_LINEAR,NORMALIZE,OK,,20,204399,253600,4701.678,69704.0
N1000_K9_SKEWED_1000,1000,950,9,100850,PREFIX_LINEAR,BUILD,OK,,20,2600,3000,369003.690,15264.0
N1000_K9_SKEWED_1000,1000,950,9,100850,PREFIX_LINEAR,SELECT,OK,,20,12599,60400,43850.417,2816.0
N1000_K9_SKEWED_1000,1000,950,9,100850,PREFIX_LINEAR,TOTAL,OK,,20,228000,294799,4239.891,87784.0
N1000_K9_SKEWED_1000,1000,950,9,100850,PREFIX_BINARY,NORMALIZE,OK,,20,207700,232099,4712.422,69704.0
N1000_K9_SKEWED_1000,1000,950,9,100850,PREFIX_BINARY,BUILD,OK,,20,2700,3201,347222.222,15264.0
N1000_K9_SKEWED_1000,1000,950,9,100850,PREFIX_BINARY,SELECT,OK,,20,10701,13200,85910.284,2816.0
N1000_K9_SKEWED_1000,1000,950,9,100850,PREFIX_BINARY,TOTAL,OK,,20,233500,288400,4105.427,87784.0
N1000_K9_SKEWED_1000,1000,950,9,100850,FENWICK,NORMALIZE,OK,,20,210400,267300,4512.839,69704.0
N1000_K9_SKEWED_1000,1000,950,9,100850,FENWICK,BUILD,OK,,20,8000,9499,119617.225,15336.0
N1000_K9_SKEWED_1000,1000,950,9,100850,FENWICK,SELECT,OK,,20,10100,15200,85727.267,2816.0
N1000_K9_SKEWED_1000,1000,950,9,100850,FENWICK,TOTAL,OK,,20,231700,283200,4129.075,87856.0
N1000_K95_SKEWED_1000,1000,950,95,100850,TICKET_ARRAY,NORMALIZE,OK,,20,221300,359400,3904.186,69704.0
N1000_K95_SKEWED_1000,1000,950,95,100850,TICKET_ARRAY,BUILD,OK,,20,92700,180800,9498.458,403440.0
N1000_K95_SKEWED_1000,1000,950,95,100850,TICKET_ARRAY,SELECT,OK,,20,3172000,3416700,311.083,17568.0
N1000_K95_SKEWED_1000,1000,950,95,100850,TICKET_ARRAY,TOTAL,OK,,20,3576900,4057500,274.896,490712.0
N1000_K95_SKEWED_1000,1000,950,95,100850,PREFIX_LINEAR,NORMALIZE,OK,,20,208201,238200,4661.570,69704.0
N1000_K95_SKEWED_1000,1000,950,95,100850,PREFIX_LINEAR,BUILD,OK,,20,2501,6600,249364.121,15264.0
N1000_K95_SKEWED_1000,1000,950,95,100850,PREFIX_LINEAR,SELECT,OK,,20,51900,53600,19027.631,17568.0
N1000_K95_SKEWED_1000,1000,950,95,100850,PREFIX_LINEAR,TOTAL,OK,,20,306499,522700,2754.023,102536.0
N1000_K95_SKEWED_1000,1000,950,95,100850,PREFIX_BINARY,NORMALIZE,OK,,20,209801,251200,4575.297,69704.0
N1000_K95_SKEWED_1000,1000,950,95,100850,PREFIX_BINARY,BUILD,OK,,20,2601,4099,350877.193,15264.0
N1000_K95_SKEWED_1000,1000,950,95,100850,PREFIX_BINARY,SELECT,OK,,20,46500,54201,20937.892,17568.0
N1000_K95_SKEWED_1000,1000,950,95,100850,PREFIX_BINARY,TOTAL,OK,,20,404300,452400,2723.237,102536.0
N1000_K95_SKEWED_1000,1000,950,95,100850,FENWICK,NORMALIZE,OK,,20,326800,335800,3304.093,69704.0
N1000_K95_SKEWED_1000,1000,950,95,100850,FENWICK,BUILD,OK,,20,8100,10700,112996.265,15336.0
N1000_K95_SKEWED_1000,1000,950,95,100850,FENWICK,SELECT,OK,,20,32600,52300,28011.401,17568.0
N1000_K95_SKEWED_1000,1000,950,95,100850,FENWICK,TOTAL,OK,,20,252600,423999,3395.069,102608.0
N1000_K95_UNIFORM_MILLION,1000,950,95,950000000,TICKET_ARRAY,NORMALIZE,SKIPPED,MAX_TICKETS: 950000000 > 1000000,0,,,,
N1000_K95_UNIFORM_MILLION,1000,950,95,950000000,TICKET_ARRAY,BUILD,SKIPPED,MAX_TICKETS: 950000000 > 1000000,0,,,,
N1000_K95_UNIFORM_MILLION,1000,950,95,950000000,TICKET_ARRAY,SELECT,SKIPPED,MAX_TICKETS: 950000000 > 1000000,0,,,,
N1000_K95_UNIFORM_MILLION,1000,950,95,950000000,TICKET_ARRAY,TOTAL,SKIPPED,MAX_TICKETS: 950000000 > 1000000,0,,,,
N1000_K95_UNIFORM_MILLION,1000,950,95,950000000,PREFIX_LINEAR,NORMALIZE,OK,,20,211300,331100,4182.176,69704.0
N1000_K95_UNIFORM_MILLION,1000,950,95,950000000,PREFIX_LINEAR,BUILD,OK,,20,2700,3101,353963.506,15264.0
N1000_K95_UNIFORM_MILLION,1000,950,95,950000000,PREFIX_LINEAR,SELECT,OK,,20,52201,69900,17833.275,17568.0
N1000_K95_UNIFORM_MILLION,1000,950,95,950000000,PREFIX_LINEAR,TOTAL,OK,,20,266600,332101,3573.595,102536.0
N1000_K95_UNIFORM_MILLION,1000,950,95,950000000,PREFIX_BINARY,NORMALIZE,OK,,20,205000,224299,4806.886,69704.0
N1000_K95_UNIFORM_MILLION,1000,950,95,950000000,PREFIX_BINARY,BUILD,OK,,20,2800,5600,292842.919,15264.0
N1000_K95_UNIFORM_MILLION,1000,950,95,950000000,PREFIX_BINARY,SELECT,OK,,20,41800,47001,23809.439,17568.0
N1000_K95_UNIFORM_MILLION,1000,950,95,950000000,PREFIX_BINARY,TOTAL,OK,,20,354601,571499,2629.469,102536.0
N1000_K95_UNIFORM_MILLION,1000,950,95,950000000,FENWICK,NORMALIZE,OK,,20,207100,328400,4408.788,69704.0
N1000_K95_UNIFORM_MILLION,1000,950,95,950000000,FENWICK,BUILD,OK,,20,9100,20501,84602.727,15336.0
N1000_K95_UNIFORM_MILLION,1000,950,95,950000000,FENWICK,SELECT,OK,,20,38900,69400,20940.194,17568.0
N1000_K95_UNIFORM_MILLION,1000,950,95,950000000,FENWICK,TOTAL,OK,,20,249699,322900,3781.791,102608.0
N10000_K1_UNIFORM_1,10000,9500,1,9500,TICKET_ARRAY,NORMALIZE,OK,,20,4131200,5522201,229.348,689264.0
N10000_K1_UNIFORM_1,10000,9500,1,9500,TICKET_ARRAY,BUILD,OK,,20,90400,202300,8721.821,38040.0
N10000_K1_UNIFORM_1,10000,9500,1,9500,TICKET_ARRAY,SELECT,OK,,20,61300,72199,16303.958,1592.0
N10000_K1_UNIFORM_1,10000,9500,1,9500,TICKET_ARRAY,TOTAL,OK,,20,5310099,6020401,192.560,728896.0
N10000_K1_UNIFORM_1,10000,9500,1,9500,PREFIX_LINEAR,NORMALIZE,OK,,20,4645101,5668301,208.162,689264.0
N10000_K1_UNIFORM_1,10000,9500,1,9500,PREFIX_LINEAR,BUILD,OK,,20,52700,113299,17426.217,152064.0
N10000_K1_UNIFORM_1,10000,9500,1,9500,PREFIX_LINEAR,SELECT,OK,,20,55901,88500,17098.460,1592.0
N10000_K1_UNIFORM_1,10000,9500,1,9500,PREFIX_LINEAR,TOTAL,OK,,20,5653199,5781000,192.489,842920.0
N10000_K1_UNIFORM_1,10000,9500,1,9500,PREFIX_BINARY,NORMALIZE,OK,,20,5585700,5776301,191.421,689264.0
N10000_K1_UNIFORM_1,10000,9500,1,9500,PREFIX_BINARY,BUILD,OK,,20,55199,77701,17230.981,152064.0
N10000_K1_UNIFORM_1,10000,9500,1,9500,PREFIX_BINARY,SELECT,OK,,20,52500,65701,18907.076,1592.0
N10000_K1_UNIFORM_1,10000,9500,1,9500,PREFIX_BINARY,TOTAL,OK,,20,5701700,5944900,179.479,842920.0
N10000_K1_UNIFORM_1,10000,9500,1,9500,FENWICK,NORMALIZE,OK,,20,5523700,5710600,192.473,689264.0
N10000_K1_UNIFORM_1,10000,9500,1,9500,FENWICK,BUILD,OK,,20,154200,191600,6557.381,152136.0
N10000_K1_UNIFORM_1,10000,9500,1,9500,FENWICK,SELECT,OK,,20,49399,107500,16840.673,1592.0
N10000_K1_UNIFORM_1,10000,9500,1,9500,FENWICK,TOTAL,OK,,20,5780100,6201899,174.520,842992.0
N10000_K95_UNIFORM_1,10000,9500,95,9500,TICKET_ARRAY,NORMALIZE,OK,,20,5094700,5620699,204.198,689264.0
N10000_K95_UNIFORM_1,10000,9500,95,9500,TICKET_ARRAY,BUILD,OK,,20,104201,146701,8737.818,38040.0
N10000_K95_UNIFORM_1,10000,9500,95,9500,TICKET_ARRAY,SELECT,OK,,20,1068101,1171699,1046.458,17568.0
N10000_K95_UNIFORM_1,10000,9500,95,9500,TICKET_ARRAY,TOTAL,OK,,20,6539301,7005201,159.313,744872.0
N10000_K95_UNIFORM_1,10000,9500,95,9500,PREFIX_LINEAR,NORMALIZE,OK,,20,5556800,5762000,181.568,689264.0
N10000_K95_UNIFORM_1,10000,9500,95,9500,PREFIX_LINEAR,BUILD,OK,,20,54400,77600,18035.875,152064.0
N10000_K95_UNIFORM_1,10000,9500,95,9500,PREFIX_LINEAR,SELECT,OK,,20,573600,618600,1949.964,17568.0
N10000_K95_UNIFORM_1,10000,9500,95,9500,PREFIX_LINEAR,TOTAL,OK,,20,5237100,5749100,194.610,858896.0
N10000_K95_UNIFORM_1,10000,9500,95,9500,PREFIX_BINARY,NORMALIZE,OK,,20,5209500,5576201,191.842,689264.0
N10000_K95_UNIFORM_1,10000,9500,95,9500,PREFIX_BINARY,BUILD,OK,,20,51000,59900,7146.183,152064.0
N10000_K95_UNIFORM_1,10000,9500,95,9500,PREFIX_BINARY,SELECT,OK,,20,203101,234799,4963.027,17568.0
N10000_K95_UNIFORM_1,10000,9500,95,9500,PREFIX_BINARY,TOTAL,OK,,20,5578400,5870700,182.774,858896.0
N10000_K95_UNIFORM_1,10000,9500,95,9500,FENWICK,NORMALIZE,OK,,20,5086400,5599500,196.832,689264.0
N10000_K95_UNIFORM_1,10000,9500,95,9500,FENWICK,BUILD,OK,,20,153000,195301,6546.437,152136.0
N10000_K95_UNIFORM_1,10000,9500,95,9500,FENWICK,SELECT,OK,,20,110099,140099,8881.799,17568.0
N10000_K95_UNIFORM_1,10000,9500,95,9500,FENWICK,TOTAL,OK,,20,5342300,5851201,193.241,858968.0
N10000_K950_UNIFORM_1,10000,9500,950,9500,TICKET_ARRAY,NORMALIZE,OK,,20,5195300,5595100,198.979,689264.0
N10000_K950_UNIFORM_1,10000,9500,950,9500,TICKET_ARRAY,BUILD,OK,,20,139300,187900,7264.541,38040.0
N10000_K950_UNIFORM_1,10000,9500,950,9500,TICKET_ARRAY,SELECT,OK,,20,9932901,10376001,105.880,189840.0
N10000_K950_UNIFORM_1,10000,9500,950,9500,TICKET_ARRAY,TOTAL,OK,,20,15026500,16190501,70.768,917144.0
N10000_K950_UNIFORM_1,10000,9500,950,9500,PREFIX_LINEAR,NORMALIZE,OK,,20,5397900,5741100,195.045,689264.0
N10000_K950_UNIFORM_1,10000,9500,950,9500,PREFIX_LINEAR,BUILD,OK,,20,47300,58099,21876.979,152064.0
N10000_K950_UNIFORM_1,10000,9500,950,9500,PREFIX_LINEAR,SELECT,OK,,20,5116800,5567900,214.661,189840.0
N10000_K950_UNIFORM_1,10000,9500,950,9500,PREFIX_LINEAR,TOTAL,OK,,20,9963700,11141800,103.549,1031168.0
N10000_K950_UNIFORM_1,10000,9500,950,9500,PREFIX_BINARY,NORMALIZE,OK,,20,5351000,5773100,194.879,689264.0
N10000_K950_UNIFORM_1,10000,9500,950,9500,PREFIX_BINARY,BUILD,OK,,20,57700,76000,17253.278,152064.0
N10000_K950_UNIFORM_1,10000,9500,950,9500,PREFIX_BINARY,SELECT,OK,,20,1736699,1806000,614.056,189840.0
N10000_K950_UNIFORM_1,10000,9500,950,9500,PREFIX_BINARY,TOTAL,OK,,20,6483900,7349300,158.558,1031168.0
N10000_K950_UNIFORM_1,10000,9500,950,9500,FENWICK,NORMALIZE,OK,,20,5493200,5804501,182.263,689264.0
N10000_K950_UNIFORM_1,10000,9500,950,9500,FENWICK,BUILD,OK,,20,152800,178700,6676.900,152136.0
N10000_K950_UNIFORM_1,10000,9500,950,9500,FENWICK,SELECT,OK,,20,656301,732899,1635.189,189840.0
N10000_K950_UNIFORM_1,10000,9500,950,9500,FENWICK,TOTAL,OK,,20,6150200,6520000,166.840,1031240.0
N10000_K1_UNIFORM_100,10000,9500,1,950000,TICKET_ARRAY,NORMALIZE,OK,,20,5460801,5653900,188.214,689264.0
N10000_K1_UNIFORM_100,10000,9500,1,950000,TICKET_ARRAY,BUILD,OK,,20,2851300,3558100,337.830,3800040.0
N10000_K1_UNIFORM_100,10000,9500,1,950000,TICKET_ARRAY,SELECT,OK,,20,963800,1047300,1091.560,1648.4
N10000_K1_UNIFORM_100,10000,9500,1,950000,TICKET_ARRAY,TOTAL,OK,,20,8046700,8622500,127.759,4490896.0
N10000_K1_UNIFORM_100,10000,9500,1,950000,PREFIX_LINEAR,NORMALIZE,OK,,20,5530900,5595400,184.716,689264.0
N10000_K1_UNIFORM_100,10000,9500,1,950000,PREFIX_LINEAR,BUILD,OK,,20,54000,82899,17782.457,152064.0
N10000_K1_UNIFORM_100,10000,9500,1,950000,PREFIX_LINEAR,SELECT,OK,,20,49900,125000,15997.415,1616.0
N10000_K1_UNIFORM_100,10000,9500,1,950000,PREFIX_LINEAR,TOTAL,OK,,20,5622800,5812499,189.850,842920.0
N10000_K1_UNIFORM_100,10000,9500,1,950000,PREFIX_BINARY,NORMALIZE,OK,,20,5436999,5744600,193.131,689264.0
N10000_K1_UNIFORM_100,10000,9500,1,950000,PREFIX_BINARY,BUILD,OK,,20,57601,70900,17458.070,152064.0
N10000_K1_UNIFORM_100,10000,9500,1,950000,PREFIX_BINARY,SELECT,OK,,20,51900,62901,19116.877,1592.0
N10000_K1_UNIFORM_100,10000,9500,1,950000,PREFIX_BINARY,TOTAL,OK,,20,5589101,5833600,179.455,842923.2
N10000_K1_UNIFORM_100,10000,9500,1,950000,FENWICK,NORMALIZE,OK,,20,5436199,5743799,189.290,689248.0
N10000_K1_UNIFORM_100,10000,9500,1,950000,FENWICK,BUILD,OK,,20,148600,211899,7085.671,152136.0
N10000_K1_UNIFORM_100,10000,9500,1,950000,FENWICK,SELECT,OK,,20,27999,35699,36304.559,1592.0
N10000_K1_UNIFORM_100,10000,9500,1,950000,FENWICK,TOTAL,OK,,20,5770500,5881101,180.848,842976.0
N10000_K95_UNIFORM_100,10000,9500,95,950000,TICKET_ARRAY,NORMALIZE,OK,,20,5397300,5633299,188.300,689248.0
N10000_K95_UNIFORM_100,10000,9500,95,950000,TICKET_ARRAY,BUILD,OK,,20,1771900,1868001,584.151,3800040.0
N10000_K95_UNIFORM_100,10000,9500,95,950000,TICKET_ARRAY,SELECT,OK,,20,79825200,85831400,12.459,17568.0
N10000_K95_UNIFORM_100,10000,9500,95,950000,TICKET_ARRAY,TOTAL,OK,,20,87157299,93670200,11.436,4506856.0
N10000_K95_UNIFORM_100,10000,9500,95,950000,PREFIX_LINEAR,NORMALIZE,OK,,20,5380500,5783599,192.061,689248.0
N10000_K95_UNIFORM_100,10000,9500,95,950000,PREFIX_LINEAR,BUILD,OK,,20,52101,89399,17784.069,152064.0
N10000_K95_UNIFORM_100,10000,9500,95,950000,PREFIX_LINEAR,SELECT,OK,,20,462899,544200,2416.918,17568.0
N10000_K95_UNIFORM_100,10000,9500,95,950000,PREFIX_LINEAR,TOTAL,OK,,20,5517700,6122700,188.555,858880.0
N10000_K95_UNIFORM_100,10000,9500,95,950000,PREFIX_BINARY,NORMALIZE,OK,,20,5512700,5686600,183.781,689248.0
N10000_K95_UNIFORM_100,10000,9500,95,950000,PREFIX_BINARY,BUILD,OK,,20,51901,88200,18122.426,152064.0
N10000_K95_UNIFORM_100,10000,9500,95,950000,PREFIX_BINARY,SELECT,OK,,20,213300,247500,4788.813,17568.0
N10000_K95_UNIFORM_100,10000,9500,95,950000,PREFIX_BINARY,TOTAL,OK,,20,5624599,5918501,185.661,858880.0
N10000_K95_UNIFORM_100,10000,9500,95,950000,FENWICK,NORMALIZE,OK,,20,5542400,5693500,181.443,689248.0
N10000_K95_UNIFORM_100,10000,9500,95,950000,FENWICK,BUILD,OK,,20,152200,190700,6879.003,152136.0
N10000_K95_UNIFORM_100,10000,9500,95,950000,FENWICK,SELECT,OK,,20,91200,132399,10585.388,17568.0
N10000_K95_UNIFORM_100,10000,9500,95,950000,FENWICK,TOTAL,OK,,20,5785400,6061001,173.734,858952.0
N10000_K950_UNIFORM_100,10000,9500,950,950000,TICKET_ARRAY,NORMALIZE,OK,,20,4842801,5743000,206.306,689248.0
N10000_K950_UNIFORM_100,10000,9500,950,950000,TICKET_ARRAY,BUILD,OK,,20,1512600,1825100,637.778,3800040.0
N10000_K950_UNIFORM_100,10000,9500,950,950000,TICKET_ARRAY,SELECT,OK,,20,760208500,787376501,1.313,189840.0
N10000_K950_UNIFORM_100,10000,9500,950,950000,TICKET_ARRAY,TOTAL,OK,,20,770141700,795952900,1.298,4679128.0
N10000_K950_UNIFORM_100,10000,9500,950,950000,PREFIX_LINEAR,NORMALIZE,OK,,20,5341100,5641300,190.704,689248.0
N10000_K950_UNIFORM_100,10000,9500,950,950000,PREFIX_LINEAR,BUILD,OK,,20,52400,69100,17329.581,152064.0
N10000_K950_UNIFORM_100,10000,9500,950,950000,PREFIX_LINEAR,SELECT,OK,,20,5218500,5578001,211.251,189840.0
N10000_K950_UNIFORM_100,10000,9500,950,950000,PREFIX_LINEAR,TOTAL,OK,,20,10499199,11197900,97.524,1031152.0
N10000_K950_UNIFORM_100,10000,9500,950,950000,PREFIX_BINARY,NORMALIZE,OK,,20,5508200,5662200,191.194,689248.0
N10000_K950_UNIFORM_100,10000,9500,950,950000,PREFIX_BINARY,BUILD,OK,,20,57100,104700,15977.006,152064.0
N10000_K950_UNIFORM_100,10000,9500,950,950000,PREFIX_BINARY,SELECT,OK,,20,1709900,1807900,587.442,189840.0
N10000_K950_UNIFORM_100,10000,9500,950,950000,PREFIX_BINARY,TOTAL,OK,,20,7236701,7473000,145.122,1031152.0
N10000_K950_UNIFORM_100,10000,9500,950,950000,FENWICK,NORMALIZE,OK,,20,5470999,5668000,189.294,689248.0
N10000_K950_UNIFORM_100,10000,9500,950,950000,FENWICK,BUILD,OK,,20,152100,184000,6694.113,152136.0
N10000_K950_UNIFORM_100,10000,9500,950,950000,FENWICK,SELECT,OK,,20,674199,716999,1513.890,189840.0
N10000_K950_UNIFORM_100,10000,9500,950,950000,FENWICK,TOTAL,OK,,20,5621800,6420400,188.555,1031224.0
N10000_K1_SKEWED_1000,10000,9500,1,1008500,TICKET_ARRAY,NORMALIZE,SKIPPED,MAX_TICKETS: 1008500 > 1000000,0,,,,
N10000_K1_SKEWED_1000,10000,9500,1,1008500,TICKET_ARRAY,BUILD,SKIPPED,MAX_TICKETS: 1008500 > 1000000,0,,,,
N10000_K1_SKEWED_1000,10000,9500,1,1008500,TICKET_ARRAY,SELECT,SKIPPED,MAX_TICKETS: 1008500 > 1000000,0,,,,
N10000_K1_SKEWED_1000,10000,9500,1,1008500,TICKET_ARRAY,TOTAL,SKIPPED,MAX_TICKETS: 1008500 > 1000000,0,,,,
N10000_K1_SKEWED_1000,10000,9500,1,1008500,PREFIX_LINEAR,NORMALIZE,OK,,20,4870800,5480300,213.608,689248.0
N10000_K1_SKEWED_1000,10000,9500,1,1008500,PREFIX_LINEAR,BUILD,OK,,20,49899,67700,19554.242,152064.0
N10000_K1_SKEWED_1000,10000,9500,1,1008500,PREFIX_LINEAR,SELECT,OK,,20,36800,52801,26001.209,1592.0
N10000_K1_SKEWED_1000,10000,9500,1,1008500,PREFIX_LINEAR,TOTAL,OK,,20,5459500,5782300,186.015,842904.0
N10000_K1_SKEWED_1000,10000,9500,1,1008500,PREFIX_BINARY,NORMALIZE,OK,,20,5519200,5702500,181.621,689248.0
N10000_K1_SKEWED_1000,10000,9500,1,1008500,PREFIX_BINARY,BUILD,OK,,20,50699,69400,17943.657,152064.0
N10000_K1_SKEWED_1000,10000,9500,1,1008500,PREFIX_BINARY,SELECT,OK,,20,35501,43799,28320.549,1592.0
N10000_K1_SKEWED_1000,10000,9500,1,1008500,PREFIX_BINARY,TOTAL,OK,,20,5493500,5765200,198.624,842904.0
N10000_K1_SKEWED_1000,10000,9500,1,1008500,FENWICK,NORMALIZE,OK,,20,5485701,5752399,182.681,689248.0
N10000_K1_SKEWED_1000,10000,9500,1,1008500,FENWICK,BUILD,OK,,20,146500,159100,7621.649,152136.0
N10000_K1_SKEWED_1000,10000,9500,1,1008500,FENWICK,SELECT,OK,,20,27799,55600,32263.320,1592.0
N10000_K1_SKEWED_1000,10000,9500,1,1008500,FENWICK,TOTAL,OK,,20,5624800,5879300,184.947,842976.0
N10000_K95_SKEWED_1000,10000,9500,95,1008500,TICKET_ARRAY,NORMALIZE,SKIPPED,MAX_TICKETS: 1008500 > 1000000,0,,,,
N10000_K95_SKEWED_1000,10000,9500,95,1008500,TICKET_ARRAY,BUILD,SKIPPED,MAX_TICKETS: 1008500 > 1000000,0,,,,
N10000_K95_SKEWED_1000,10000,9500,95,1008500,TICKET_ARRAY,SELECT,SKIPPED,MAX_TICKETS: 1008500 > 1000000,0,,,,
N10000_K95_SKEWED_1000,10000,9500,95,1008500,TICKET_ARRAY,TOTAL,SKIPPED,MAX_TICKETS: 1008500 > 1000000,0,,,,
N10000_K95_SKEWED_1000,10000,9500,95,1008500,PREFIX_LINEAR,NORMALIZE,OK,,20,4743800,5641800,211.299,689248.0
N10000_K95_SKEWED_1000,10000,9500,95,1008500,PREFIX_LINEAR,BUILD,OK,,20,50601,87400,17937.155,152064.0
N10000_K95_SKEWED_1000,10000,9500,95,1008500,PREFIX_LINEAR,SELECT,OK,,20,560101,586101,1941.576,17568.0
N10000_K95_SKEWED_1000,10000,9500,95,1008500,PREFIX_LINEAR,TOTAL,OK,,20,5935401,6340601,176.465,858880.0
N10000_K95_SKEWED_1000,10000,9500,95,1008500,PREFIX_BINARY,NORMALIZE,OK,,20,5315601,5580800,198.137,689248.0
N10000_K95_SKEWED_1000,10000,9500,95,1008500,PREFIX_BINARY,BUILD,OK,,20,51800,64701,19247.463,152064.0
N10000_K95_SKEWED_1000,10000,9500,95,1008500,PREFIX_BINARY,SELECT,OK,,20,187900,232000,5332.912,17568.0
N10000_K95_SKEWED_1000,10000,9500,95,1008500,PREFIX_BINARY,TOTAL,OK,,20,5695800,6004101,182.758,858880.0
N10000_K95_SKEWED_1000,10000,9500,95,1008500,FENWICK,NORMALIZE,OK,,20,5144200,5646600,204.330,689248.0
N10000_K95_SKEWED_1000,10000,9500,95,1008500,FENWICK,BUILD,OK,,20,155600,211601,6004.024,152136.0
N10000_K95_SKEWED_1000,10000,9500,95,1008500,FENWICK,SELECT,OK,,20,96800,131801,9997.021,17568.0
N10000_K95_SKEWED_1000,10000,9500,95,1008500,FENWICK,TOTAL,OK,,20,5705201,5916500,178.897,858952.0
N10000_K950_SKEWED_1000,10000,9500,950,1008500,TICKET_ARRAY,NORMALIZE,SKIPPED,MAX_TICKETS: 1008500 > 1000000,0,,,,
N10000_K950_SKEWED_1000,10000,9500,950,1008500,TICKET_ARRAY,BUILD,SKIPPED,MAX_TICKETS: 1008500 > 1000000,0,,,,
N10000_K950_SKEWED_1000,10000,9500,950,1008500,TICKET_ARRAY,SELECT,SKIPPED,MAX_TICKETS: 1008500 > 1000000,0,,,,
N10000_K950_SKEWED_1000,10000,9500,950,1008500,TICKET_ARRAY,TOTAL,SKIPPED,MAX_TICKETS: 1008500 > 1000000,0,,,,
N10000_K950_SKEWED_1000,10000,9500,950,1008500,PREFIX_LINEAR,NORMALIZE,OK,,20,5260999,5553599,194.002,689248.0
N10000_K950_SKEWED_1000,10000,9500,950,1008500,PREFIX_LINEAR,BUILD,OK,,20,51700,98700,14143.301,152064.0
N10000_K950_SKEWED_1000,10000,9500,950,1008500,PREFIX_LINEAR,SELECT,OK,,20,5261299,5517900,202.620,189840.0
N10000_K950_SKEWED_1000,10000,9500,950,1008500,PREFIX_LINEAR,TOTAL,OK,,20,10758101,11081400,95.864,1031152.0
N10000_K950_SKEWED_1000,10000,9500,950,1008500,PREFIX_BINARY,NORMALIZE,OK,,20,5462400,5752701,187.935,689248.0
N10000_K950_SKEWED_1000,10000,9500,950,1008500,PREFIX_BINARY,BUILD,OK,,20,52400,73800,18186.811,152064.0
N10000_K950_SKEWED_1000,10000,9500,950,1008500,PREFIX_BINARY,SELECT,OK,,20,1735701,1843301,616.979,189840.0
N10000_K950_SKEWED_1000,10000,9500,950,1008500,PREFIX_BINARY,TOTAL,OK,,20,6569200,7358300,154.416,1031152.0
N10000_K950_SKEWED_1000,10000,9500,950,1008500,FENWICK,NORMALIZE,OK,,20,5169501,5777699,196.740,689248.0
N10000_K950_SKEWED_1000,10000,9500,950,1008500,FENWICK,BUILD,OK,,20,155100,179900,6241.221,152136.0
N10000_K950_SKEWED_1000,10000,9500,950,1008500,FENWICK,SELECT,OK,,20,696300,774400,1448.771,189840.0
N10000_K950_SKEWED_1000,10000,9500,950,1008500,FENWICK,TOTAL,OK,,20,6178600,6554600,163.747,1031224.0
N10000_K950_UNIFORM_MILLION,10000,9500,950,9500000000,TICKET_ARRAY,NORMALIZE,SKIPPED,MAX_TICKETS: 9500000000 > 1000000,0,,,,
N10000_K950_UNIFORM_MILLION,10000,9500,950,9500000000,TICKET_ARRAY,BUILD,SKIPPED,MAX_TICKETS: 9500000000 > 1000000,0,,,,
N10000_K950_UNIFORM_MILLION,10000,9500,950,9500000000,TICKET_ARRAY,SELECT,SKIPPED,MAX_TICKETS: 9500000000 > 1000000,0,,,,
N10000_K950_UNIFORM_MILLION,10000,9500,950,9500000000,TICKET_ARRAY,TOTAL,SKIPPED,MAX_TICKETS: 9500000000 > 1000000,0,,,,
N10000_K950_UNIFORM_MILLION,10000,9500,950,9500000000,PREFIX_LINEAR,NORMALIZE,OK,,20,5410000,5585900,194.447,689248.0
N10000_K950_UNIFORM_MILLION,10000,9500,950,9500000000,PREFIX_LINEAR,BUILD,OK,,20,52800,80901,17982.393,152064.0
N10000_K950_UNIFORM_MILLION,10000,9500,950,9500000000,PREFIX_LINEAR,SELECT,OK,,20,5349300,5581700,204.433,189840.0
N10000_K950_UNIFORM_MILLION,10000,9500,950,9500000000,PREFIX_LINEAR,TOTAL,OK,,20,10778000,11231401,99.467,1031152.0
N10000_K950_UNIFORM_MILLION,10000,9500,950,9500000000,PREFIX_BINARY,NORMALIZE,OK,,20,5334401,5640400,197.815,689248.0
N10000_K950_UNIFORM_MILLION,10000,9500,950,9500000000,PREFIX_BINARY,BUILD,OK,,20,51700,74599,18523.681,152064.0
N10000_K950_UNIFORM_MILLION,10000,9500,950,9500000000,PREFIX_BINARY,SELECT,OK,,20,1748299,1858199,570.356,189840.0
N10000_K950_UNIFORM_MILLION,10000,9500,950,9500000000,PREFIX_BINARY,TOTAL,OK,,20,7278901,7511099,144.015,1031152.0
N10000_K950_UNIFORM_MILLION,10000,9500,950,9500000000,FENWICK,NORMALIZE,OK,,20,5189800,5583400,204.493,689248.0
N10000_K950_UNIFORM_MILLION,10000,9500,950,9500000000,FENWICK,BUILD,OK,,20,146700,186400,7719.024,152136.0
N10000_K950_UNIFORM_MILLION,10000,9500,950,9500000000,FENWICK,SELECT,OK,,20,658500,740000,1352.960,189840.0
N10000_K950_UNIFORM_MILLION,10000,9500,950,9500000000,FENWICK,TOTAL,OK,,20,6340801,6608300,163.192,1031224.0
