scenario,metric,member_id,trials,observed,expected_probability,expected_count,observed_probability,absolute_error,acceptance_lower,acceptance_upper,bernstein_tail_bound,adjusted_alpha,low_expected_count,status
equal,first,1,200000,50224,0.25000000000000000,50000.000000000000,0.25112000000000000,0.0011200000000000000,0.24524985556188617,0.25475014443811383,1.0000000000000000,1.4492753623188407e-05,false,PASS
equal,first,2,200000,49852,0.25000000000000000,50000.000000000000,0.24926000000000000,0.00074000000000000000,0.24524985556188617,0.25475014443811383,1.0000000000000000,1.4492753623188407e-05,false,PASS
equal,first,3,200000,49898,0.25000000000000000,50000.000000000000,0.24949000000000000,0.00051000000000000000,0.24524985556188617,0.25475014443811383,1.0000000000000000,1.4492753623188407e-05,false,PASS
equal,first,4,200000,50026,0.25000000000000000,50000.000000000000,0.25013000000000000,0.00013000000000000000,0.24524985556188617,0.25475014443811383,1.0000000000000000,1.4492753623188407e-05,false,PASS
asymmetric,first,1,200000,20220,0.10000000000000000,20000.000000000000,0.10110000000000000,0.0011000000000000000,0.096696885148523200,0.10330311485147681,0.52422089807546700,1.4492753623188407e-05,false,PASS
asymmetric,first,2,200000,59772,0.30000000000000000,60000.000000000000,0.29886000000000000,0.0011400000000000000,0.29497521960747630,0.30502478039252370,1.0000000000000000,1.4492753623188407e-05,false,PASS
asymmetric,first,3,200000,120008,0.60000000000000000,120000.00000000000,0.60004000000000000,4.0000000000000000e-05,0.59463100763386460,0.60536899236613540,1.0000000000000000,1.4492753623188407e-05,false,PASS
rare,first,1,200000,0,1.0000000000000000e-07,0.020000000000000000,0.0000000000000000,1.0000000000000000e-07,0.0000000000000000,4.2990234493658066e-05,1.0000000000000000,1.4492753623188407e-05,true,PASS
rare,first,2,200000,19975,0.099999900000000000,19999.980000000000,0.099875000000000000,0.00012489999999999780,0.096696786599041400,0.10330301340095860,1.0000000000000000,1.4492753623188407e-05,false,PASS
rare,first,3,200000,180025,0.90000000000000000,180000.00000000000,0.90012500000000000,0.00012500000000000000,0.89669688514852320,0.90330311485147690,1.0000000000000000,1.4492753623188407e-05,false,PASS
large-total,first,1,200000,20047,0.10000000000000000,20000.000000000000,0.10023500000000000,0.00023500000000000000,0.096696885148523200,0.10330311485147681,1.0000000000000000,1.4492753623188407e-05,false,PASS
large-total,first,2,200000,59734,0.30000000000000000,60000.000000000000,0.29867000000000000,0.0013300000000000000,0.29497521960747630,0.30502478039252370,0.86293868446657210,1.4492753623188407e-05,false,PASS
large-total,first,3,200000,120219,0.60000000000000000,120000.00000000000,0.60109500000000000,0.0010950000000000000,0.59463100763386460,0.60536899236613540,1.0000000000000000,1.4492753623188407e-05,false,PASS
multi-two,first,1,200000,20186,0.10000000000000000,20000.000000000000,0.10093000000000000,0.00093000000000000000,0.096696885148523200,0.10330311485147681,0.76754814589093060,1.4492753623188407e-05,false,PASS
multi-two,first,2,200000,60466,0.30000000000000000,60000.000000000000,0.30233000000000000,0.0023300000000000000,0.29497521960747630,0.30502478039252370,0.15220645472698613,1.4492753623188407e-05,false,PASS
multi-two,first,3,200000,119348,0.60000000000000000,120000.00000000000,0.59674000000000000,0.0032600000000000000,0.59463100763386460,0.60536899236613540,0.024353977320823440,1.4492753623188407e-05,false,PASS
multi-two,after-1,2,20186,6775,0.33333333333333330,6728.6666666666660,0.33562865352224314,0.0022953201889098357,0.31680007561182344,0.34986659105484320,1.0000000000000000,1.4492753623188407e-05,false,PASS
multi-two,after-1,3,20186,13411,0.66666666666666660,13457.333333333332,0.66437134647775690,0.0022953201889097455,0.65013340894515670,0.68319992438817660,1.0000000000000000,1.4492753623188407e-05,false,PASS
multi-two,after-2,1,60466,8601,0.14285714285714285,8638.0000000000000,0.14224522872358020,0.00061191413356266330,0.13580322695050073,0.14991105876378497,1.0000000000000000,1.4492753623188407e-05,false,PASS
multi-two,after-2,3,60466,51865,0.85714285714285710,51828.000000000000,0.85775477127641990,0.00061191413356266330,0.85008894123621490,0.86419677304949930,1.0000000000000000,1.4492753623188407e-05,false,PASS
multi-two,after-3,1,119348,30029,0.25000000000000000,29837.000000000000,0.25160874082515000,0.0016087408251499815,0.24383582144021710,0.25616417855978290,0.87969577454075720,1.4492753623188407e-05,false,PASS
multi-two,after-3,2,119348,89319,0.75000000000000000,89511.000000000000,0.74839125917485000,0.0016087408251499815,0.74383582144021710,0.75616417855978290,0.87969577454075720,1.4492753623188407e-05,false,PASS
multi-two,inclusion,1,200000,58816,0.29285714285714280,58571.428571428565,0.29408000000000000,0.0012228571428571740,0.28786700222477546,0.29784728348951020,0.97285564057181700,1.4492753623188407e-05,false,PASS
multi-two,inclusion,2,200000,156560,0.78333333333333320,156666.66666666666,0.78280000000000000,0.00053333333333328480,0.77881207114606190,0.78785459552060460,1.0000000000000000,1.4492753623188407e-05,false,PASS
multi-two,inclusion,3,200000,184624,0.92380952380952370,184761.90476190476,0.92312000000000000,0.00068952380952381640,0.92088387753572080,0.92673517008332670,1.0000000000000000,1.4492753623188407e-05,false,PASS
multi-three-excluded,first,1,200000,19950,0.10000000000000000,20000.000000000000,0.099750000000000000,0.00025000000000000000,0.096696885148523200,0.10330311485147681,1.0000000000000000,1.4492753623188407e-05,false,PASS
multi-three-excluded,first,2,200000,39745,0.20000000000000000,40000.000000000000,0.19872500000000000,0.0012750000000000000,0.19560899687465777,0.20439100312534225,0.72602066337759820,1.4492753623188407e-05,false,PASS
multi-three-excluded,first,3,200000,60378,0.30000000000000000,60000.000000000000,0.30189000000000000,0.0018900000000000000,0.29497521960747630,0.30502478039252370,0.36686362916050996,1.4492753623188407e-05,false,PASS
multi-three-excluded,first,4,200000,79927,0.40000000000000000,80000.000000000000,0.39963500000000000,0.00036500000000000000,0.39463100763386455,0.40536899236613550,1.0000000000000000,1.4492753623188407e-05,false,PASS
multi-three-excluded,after-1,2,19950,4353,0.22222222222222220,4433.3333333333330,0.21819548872180450,0.0040267335004176950,0.20750652435305370,0.23693792009139072,0.79023431942319690,1.4492753623188407e-05,false,PASS
multi-three-excluded,after-1,3,19950,6692,0.33333333333333330,6650.0000000000000,0.33543859649122810,0.0021052631578947370,0.31670025374034100,0.34996641292632563,1.0000000000000000,1.4492753623188407e-05,false,PASS
multi-three-excluded,after-1,4,19950,8905,0.44444444444444440,8866.6666666666660,0.44636591478696740,0.0019214703425230045,0.42693303211653977,0.46195585677234907,1.0000000000000000,1.4492753623188407e-05,false,PASS
multi-three-excluded,after-1-2,3,4353,1889,0.42857142857142855,1865.5714285714284,0.43395359522168620,0.0053821666502576520,0.39026689448718177,0.46687596265567530,1.0000000000000000,1.4492753623188407e-05,false,PASS
multi-three-excluded,after-1-2,4,4353,2464,0.57142857142857140,2487.4285714285710,0.56604640477831380,0.0053821666502575470,0.53312403734432470,0.60973310551281810,1.0000000000000000,1.4492753623188407e-05,false,PASS
multi-three-excluded,after-1-3,2,6692,2227,0.33333333333333330,2230.6666666666665,0.33278541542139867,0.00054791791193462570,0.30411837603790950,0.36254829062875715,1.0000000000000000,1.4492753623188407e-05,false,PASS
multi-three-excluded,after-1-3,4,6692,4465,0.66666666666666660,4461.3333333333330,0.66721458457860130,0.00054791791193469360,0.63745170937124280,0.69588162396209040,1.0000000000000000,1.4492753623188407e-05,false,PASS
multi-three-excluded,after-1-4,2,8905,3515,0.40000000000000000,3562.0000000000000,0.39472206625491296,0.0052779337450870300,0.37385662035520245,0.42614337964479760,1.0000000000000000,1.4492753623188407e-05,false,PASS
multi-three-excluded,after-1-4,3,8905,5390,0.60000000000000000,5343.0000000000000,0.60527793374508700,0.0052779337450870300,0.57385662035520240,0.62614337964479760,1.0000000000000000,1.4492753623188407e-05,false,PASS
multi-three-excluded,after-2,1,39745,4936,0.12500000000000000,4968.1250000000000,0.12419172222921122,0.00080827777078877840,0.11673067519837992,0.13326932480162007,1.0000000000000000,1.4492753623188407e-05,false,PASS
multi-three-excluded,after-2,3,39745,14894,0.37500000000000000,14904.375000000000,0.37473896087558184,0.00026103912441816580,0.36298702950738940,0.38701297049261060,1.0000000000000000,1.4492753623188407e-05,false,PASS
multi-three-excluded,after-2,4,39745,19915,0.50000000000000000,19872.500000000000,0.50106931689520700,0.0010693168952069442,0.48759956785789027,0.51240043214210970,1.0000000000000000,1.4492753623188407e-05,false,PASS
multi-three-excluded,after-2-1,3,4936,2086,0.42857142857142855,2115.4285714285710,0.42260940032414910,0.0059620282472793970,0.39270374065006197,0.46443911649279510,1.0000000000000000,1.4492753623188407e-05,false,PASS
multi-three-excluded,after-2-1,4,4936,2850,0.57142857142857140,2820.5714285714284,0.57739059967585090,0.0059620282472794890,0.53556088350720480,0.60729625934993800,1.0000000000000000,1.4492753623188407e-05,false,PASS
multi-three-excluded,after-2-3,1,14894,3118,0.20000000000000000,2978.8000000000000,0.20934604538740430,0.0093460453874043120,0.18352418814189990,0.21647581185810010,0.037077876778851285,1.4492753623188407e-05,false,PASS
multi-three-excluded,after-2-3,4,14894,11776,0.80000000000000000,11915.200000000000,0.79065395461259570,0.0093460453874043730,0.78352418814190000,0.81647581185810010,0.037077876778849280,1.4492753623188407e-05,false,PASS
multi-three-excluded,after-2-4,1,19915,4869,0.25000000000000000,4978.7500000000000,0.24448907858398192,0.0055109214160180770,0.23467553585560774,0.26532446414439226,0.40491925663888080,1.4492753623188407e-05,false,PASS
multi-three-excluded,after-2-4,3,19915,15046,0.75000000000000000,14936.250000000000,0.75551092141601800,0.0055109214160180770,0.73467553585560770,0.76532446414439230,0.40491925663888080,1.4492753623188407e-05,false,PASS
multi-three-excluded,after-3,1,60378,8533,0.14285714285714285,8625.4285714285700,0.14132631090794660,0.0015308319491962412,0.13579799320982117,0.14991629250446453,1.0000000000000000,1.4492753623188407e-05,false,PASS
multi-three-excluded,after-3,2,60378,17226,0.28571428571428570,17250.857142857140,0.28530259365994237,0.00041169205434332540,0.27663898894051790,0.29478958248805350,1.0000000000000000,1.4492753623188407e-05,false,PASS
multi-three-excluded,after-3,4,60378,34619,0.57142857142857140,34501.714285714280,0.57337109543211110,0.0019425240035396568,0.56149955437607550,0.58135758848106730,1.0000000000000000,1.4492753623188407e-05,false,PASS
multi-three-excluded,after-3-1,2,8533,2902,0.33333333333333330,2844.3333333333330,0.34009140982069613,0.0067580764873628230,0.30758066272686960,0.35908600393979700,0.83952954305800650,1.4492753623188407e-05,false,PASS
multi-three-excluded,after-3-1,4,8533,5631,0.66666666666666660,5688.6666666666660,0.65990859017930390,0.0067580764873627160,0.64091399606020290,0.69241933727313030,0.83952954305802930,1.4492753623188407e-05,false,PASS
multi-three-excluded,after-3-2,1,17226,3458,0.20000000000000000,3445.2000000000003,0.20074306281202833,0.00074306281202831350,0.18471450077357754,0.21528549922642248,1.0000000000000000,1.4492753623188407e-05,false,PASS
multi-three-excluded,after-3-2,4,17226,13768,0.80000000000000000,13780.800000000001,0.79925693718797160,0.00074306281202839260,0.78471450077357760,0.81528549922642250,1.0000000000000000,1.4492753623188407e-05,false,PASS
multi-three-excluded,after-3-4,1,34619,11562,0.33333333333333330,11539.666666666666,0.33397845113954766,0.00064511780621433150,0.32077903724341117,0.34588762942325546,1.0000000000000000,1.4492753623188407e-05,false,PASS
multi-three-excluded,after-3-4,2,34619,23057,0.66666666666666660,23079.333333333332,0.66602154886045240,0.00064511780621427890,0.65411237057674440,0.67922096275658880,1.0000000000000000,1.4492753623188407e-05,false,PASS
multi-three-excluded,after-4,1,79927,13359,0.16666666666666666,13321.166666666666,0.16714001526392833,0.00047334859726167550,0.16015458161635523,0.17317875171697808,1.0000000000000000,1.4492753623188407e-05,false,PASS
multi-three-excluded,after-4,2,79927,26652,0.33333333333333330,26642.333333333332,0.33345427702778785,0.00012094369445453825,0.32512227563907625,0.34154439102759040,1.0000000000000000,1.4492753623188407e-05,false,PASS
multi-three-excluded,after-4,3,79927,39916,0.50000000000000000,39963.500000000000,0.49940570770828380,0.00059429229171619100,0.49129684621360970,0.50870315378639030,1.0000000000000000,1.4492753623188407e-05,false,PASS
multi-three-excluded,after-4-1,2,13359,5329,0.40000000000000000,5343.6000000000000,0.39890710382513660,0.0010928961748634153,0.37878799631691560,0.42121200368308440,1.0000000000000000,1.4492753623188407e-05,false,PASS
multi-three-excluded,after-4-1,3,13359,8030,0.60000000000000000,8015.4000000000000,0.60109289617486340,0.0010928961748634153,0.57878799631691560,0.62121200368308440,1.0000000000000000,1.4492753623188407e-05,false,PASS
multi-three-excluded,after-4-2,1,26652,6738,0.25000000000000000,6663.0000000000000,0.25281404772624944,0.0028140477262494374,0.23679964483517071,0.26320035516482930,1.0000000000000000,1.4492753623188407e-05,false,PASS
multi-three-excluded,after-4-2,3,26652,19914,0.75000000000000000,19989.000000000000,0.74718595227375050,0.0028140477262494374,0.73679964483517070,0.76320035516482930,1.0000000000000000,1.4492753623188407e-05,false,PASS
multi-three-excluded,after-4-3,1,39916,13385,0.33333333333333330,13305.333333333332,0.33532919130173366,0.0019958579684003375,0.32165625908877530,0.34501040757789130,1.0000000000000000,1.4492753623188407e-05,false,PASS
multi-three-excluded,after-4-3,2,39916,26531,0.66666666666666660,26610.666666666664,0.66467080869826630,0.0019958579684002465,0.65498959242210860,0.67834374091122460,1.0000000000000000,1.4492753623188407e-05,false,PASS
multi-three-excluded,inclusion,1,200000,89908,0.44880952380952377,89761.904761904750,0.44954000000000000,0.00073047619047625630,0.44335921523777216,0.45425983238127540,1.0000000000000000,1.4492753623188407e-05,false,PASS
multi-three-excluded,inclusion,2,200000,151537,0.75873015873015870,151746.03174603175,0.75768500000000000,0.0010451587301587278,0.75403613953202390,0.76342417792829350,1.0000000000000000,1.4492753623188407e-05,false,PASS
multi-three-excluded,inclusion,3,200000,174235,0.87023809523809510,174047.61904761902,0.87117500000000000,0.00093690476190487970,0.86654289135017090,0.87393329912601940,0.92123579581978500,1.4492753623188407e-05,false,PASS
multi-three-excluded,inclusion,4,200000,184320,0.92222222222222200,184444.44444444440,0.92160000000000000,0.00062222222222204430,0.91926917270281170,0.92517527174163240,1.0000000000000000,1.4492753623188407e-05,false,PASS
