scenario,order,theoretical_probability,observed,trials
equal,1,0.25000000000000000,50224,200000
equal,2,0.25000000000000000,49852,200000
equal,3,0.25000000000000000,49898,200000
equal,4,0.25000000000000000,50026,200000
asymmetric,1,0.10000000000000000,20220,200000
asymmetric,2,0.30000000000000000,59772,200000
asymmetric,3,0.60000000000000000,120008,200000
rare,1,1.0000000000000000e-07,0,200000
rare,2,0.099999900000000000,19975,200000
rare,3,0.90000000000000000,180025,200000
large-total,1,0.10000000000000000,20047,200000
large-total,2,0.30000000000000000,59734,200000
large-total,3,0.60000000000000000,120219,200000
multi-two,1-2,0.033333333333333330,6775,200000
multi-two,1-3,0.066666666666666670,13411,200000
multi-two,2-1,0.042857142857142850,8601,200000
multi-two,2-3,0.25714285714285710,51865,200000
multi-two,3-1,0.15000000000000000,30029,200000
multi-two,3-2,0.44999999999999996,89319,200000
multi-three-excluded,1-2-3,0.0095238095238095230,1889,200000
multi-three-excluded,1-2-4,0.012698412698412698,2464,200000
multi-three-excluded,1-3-2,0.011111111111111110,2227,200000
multi-three-excluded,1-3-4,0.022222222222222220,4465,200000
multi-three-excluded,1-4-2,0.017777777777777778,3515,200000
multi-three-excluded,1-4-3,0.026666666666666670,5390,200000
multi-three-excluded,2-1-3,0.010714285714285714,2086,200000
multi-three-excluded,2-1-4,0.014285714285714285,2850,200000
multi-three-excluded,2-3-1,0.015000000000000003,3118,200000
multi-three-excluded,2-3-4,0.060000000000000010,11776,200000
multi-three-excluded,2-4-1,0.025000000000000000,4869,200000
multi-three-excluded,2-4-3,0.075000000000000010,15046,200000
multi-three-excluded,3-1-2,0.014285714285714284,2902,200000
multi-three-excluded,3-1-4,0.028571428571428567,5631,200000
multi-three-excluded,3-2-1,0.017142857142857140,3458,200000
multi-three-excluded,3-2-4,0.068571428571428560,13768,200000
multi-three-excluded,3-4-1,0.057142857142857134,11562,200000
multi-three-excluded,3-4-2,0.11428571428571427,23057,200000
multi-three-excluded,4-1-2,0.026666666666666670,5329,200000
multi-three-excluded,4-1-3,0.040000000000000000,8030,200000
multi-three-excluded,4-2-1,0.033333333333333330,6738,200000
multi-three-excluded,4-2-3,0.10000000000000000,19914,200000
multi-three-excluded,4-3-1,0.066666666666666670,13385,200000
multi-three-excluded,4-3-2,0.13333333333333333,26531,200000
