axis,scope,candidates,winners,total_weight,median_bytes_per_op,samples_bytes_per_op
weight,pool,10000,100,10000,160112,"[160112, 160112, 160112, 160112, 160112, 160112, 160112]"
weight,draw,10000,100,10000,294112,"[294185, 294139, 294112, 294112, 294112, 294112, 294112]"
weight,pool,10000,100,10000000000000,160112,"[160112, 160112, 160112, 160112, 160112, 160112, 160112]"
weight,draw,10000,100,10000000000000,294112,"[294112, 294112, 294112, 294112, 294304, 288512, 288580]"
weight,pool,10000,100,9223372036854775807,160112,"[160112, 160112, 160112, 160112, 160112, 160112, 160112]"
weight,draw,10000,100,9223372036854775807,288240,"[288512, 288294, 288240, 288240, 288240, 288240, 288240]"
candidates,pool,1000,100,1000000000000,16112,"[16112, 16112, 16112, 16112, 16112, 16112, 16112]"
candidates,draw,1000,100,1000000000000,46512,"[46512, 46512, 46512, 46512, 46512, 46512, 46512]"
candidates,pool,10000,100,10000000000000,160112,"[160112, 160112, 160112, 160112, 160112, 160112, 160112]"
candidates,draw,10000,100,10000000000000,288240,"[288240, 288240, 288240, 288240, 288254, 288240, 288240]"
candidates,pool,100000,100,100000000000000,1600112,"[1600112, 1600112, 1600112, 1600112, 1600112, 1600112, 1600112]"
candidates,draw,100000,100,100000000000000,2547040,"[2547040, 2547040, 2547040, 2547040, 2547040, 2547040, 2547040]"
